CustomerID,Gender,Age,IncomeLevel
1000,Male,50,Medium
1001,Female,58,Medium
1002,Male,36,Medium
1003,Female,22,Low
1004,Female,24,Medium
1005,Male,51,Low
1006,Female,37,Medium
1007,Female,32,Medium
1008,Other,55,Medium
1009,Other,18,Medium
1010,Other,22,High
1011,Other,51,High
1012,Female,38,High
1013,Female,31,Low
1014,Other,34,Low
1015,Male,29,Medium
1016,Other,44,High
1017,Male,23,Low
1018,Male,56,High
1019,Other,65,Medium
1020,Male,42,High
1021,Male,44,Low
1022,Other,62,Medium
1023,Female,19,Medium
1024,Male,39,Medium
1025,Other,49,Medium
1026,Female,34,High
1027,Female,54,High
1028,Female,19,Low
1029,Female,69,Medium
1030,Female,43,Medium
1031,Male,50,High
1032,Female,18,Medium
1033,Male,57,Medium
1034,Other,60,Low
1035,Other,61,Medium
1036,Other,53,Low
1037,Female,56,Medium
1038,Other,42,High
1039,Male,30,Low
1040,Male,56,Medium
1041,Female,53,High
1042,Female,29,Low
1043,Other,38,Low
1044,Female,40,Medium
1045,Female,35,High
1046,Other,30,Medium
1047,Female,36,Medium
1048,Male,52,Low
1049,Female,63,High
1050,Other,65,Medium
1051,Male,51,Low
1052,Other,69,Medium
1053,Other,18,Medium
1054,Female,63,Medium
1055,Other,39,Medium
1056,Male,45,High
1057,Male,21,Low
1058,Male,54,Medium
1059,Male,24,Medium
1060,Female,28,Low
1061,Other,29,High
1062,Female,57,Low
1063,Male,56,Low
1064,Female,52,Low
1065,Other,51,Low
1066,Other,35,Low
1067,Female,27,Medium
1068,Other,68,Medium
1069,Male,32,Low
1070,Female,43,High
1071,Other,66,Medium
1072,Male,68,Medium
1073,Female,20,Low
1074,Other,30,Medium
1075,Other,51,Low
1076,Male,64,Low
1077,Other,34,Medium
1078,Female,18,Medium
1079,Male,31,Low
1080,Female,18,Medium
1081,Male,41,Low
1082,Other,28,Low
1083,Male,20,Medium
1084,Male,30,Medium
1085,Female,39,High
1086,Other,58,Medium
1087,Female,64,Medium
1088,Female,58,Low
1089,Other,47,Medium
1090,Male,42,Low
1091,Female,24,Medium
1092,Male,42,High
1093,Other,56,Medium
1094,Male,42,Medium
1095,Other,19,Medium
1096,Other,51,Medium
1097,Male,39,Low
1098,Other,18,Medium
1099,Female,35,Medium
1100,Female,33,Medium
1101,Male,27,Medium
1102,Female,48,Low
1103,Other,65,High
1104,Female,30,Medium
1105,Female,51,High
1106,Male,51,High
1107,Other,59,High
1108,Female,29,Low
1109,Other,54,High
1110,Male,57,Medium
1111,Female,34,Low
1112,Other,58,Low
1113,Female,32,Low
1114,Male,30,Low
1115,Male,63,Low
1116,Other,25,High
1117,Female,34,High
1118,Female,28,Medium
1119,Other,57,Low
1120,Male,63,Low
1121,Male,18,Medium
1122,Female,49,Medium
1123,Other,61,High
1124,Female,69,High
1125,Male,27,High
1126,Male,61,Low
1127,Male,68,Low
1128,Female,32,Low
1129,Other,20,Low
1130,Female,26,Medium
1131,Other,25,High
1132,Female,27,Medium
1133,Other,25,High
1134,Other,33,Low
1135,Male,28,Medium
1136,Male,40,Medium
1137,Female,39,Low
1138,Other,57,Medium
1139,Male,35,Low
1140,Female,56,Medium
1141,Male,20,Medium
1142,Other,25,Medium
1143,Male,22,High
1144,Female,44,High
1145,Female,22,Low
1146,Female,36,Medium
1147,Female,34,Medium
1148,Male,63,Medium
1149,Female,35,Medium
1150,Female,19,Low
1151,Male,67,High
1152,Male,24,Low
1153,Other,66,Low
1154,Female,67,Medium
1155,Male,33,Medium
1156,Female,24,High
1157,Male,35,Medium
1158,Male,61,Medium
1159,Female,43,High
1160,Other,46,Medium
1161,Female,33,High
1162,Other,63,Medium
1163,Other,56,Low
1164,Female,47,Medium
1165,Other,42,Medium
1166,Female,25,Medium
1167,Male,31,Medium
1168,Other,39,Medium
1169,Female,69,Low
1170,Other,31,Medium
1171,Female,44,High
1172,Female,52,Low
1173,Other,57,Medium
1174,Male,68,Low
1175,Male,29,Low
1176,Other,60,Medium
1177,Female,38,Medium
1178,Male,28,Low
1179,Female,20,Medium
1180,Other,26,Medium
1181,Female,60,High
1182,Male,36,High
1183,Male,59,Low
1184,Other,40,Medium
1185,Other,33,Medium
1186,Other,21,High
1187,Female,49,Low
1188,Male,18,Medium
1189,Other,21,High
1190,Male,43,Low
1191,Male,44,Low
1192,Male,57,Medium
1193,Male,33,High
1194,Other,47,Medium
1195,Other,55,Medium
1196,Female,50,Low
1197,Other,33,Medium
1198,Male,50,Medium
1199,Female,37,Low
1200,Female,48,Medium
1201,Other,65,Medium
1202,Other,44,Low
1203,Male,49,Medium
1204,Other,39,Medium
1205,Female,53,Medium
1206,Male,44,High
1207,Male,42,Low
1208,Female,19,Low
1209,Female,63,Medium
1210,Female,55,Low
1211,Female,40,High
1212,Other,69,Medium
1213,Female,29,Medium
1214,Other,54,Medium
1215,Female,63,Medium
1216,Female,54,Low
1217,Female,67,Medium
1218,Other,65,Medium
1219,Female,38,Medium
1220,Other,65,Medium
1221,Male,59,Medium
1222,Male,28,Low
1223,Female,38,High
1224,Female,54,Low
1225,Female,21,Low
1226,Female,43,Medium
1227,Male,37,High
1228,Other,24,Low
1229,Female,55,Medium
1230,Male,64,Medium
1231,Other,44,Medium
1232,Female,64,Low
1233,Male,34,Medium
1234,Female,49,Low
1235,Female,27,Low
1236,Male,67,Medium
1237,Female,28,Medium
1238,Female,35,High
1239,Male,19,Low
1240,Female,52,Medium
1241,Other,23,Low
1242,Female,20,Medium
1243,Male,24,Medium
1244,Female,52,Medium
1245,Female,64,Medium
1246,Female,30,Medium
1247,Other,55,Medium
1248,Female,19,Medium
1249,Male,19,High
1250,Male,68,Low
1251,Male,25,Medium
1252,Male,26,Medium
1253,Female,51,Medium
1254,Other,56,Medium
1255,Male,48,Low
1256,Female,46,High
1257,Other,66,Medium
1258,Other,64,Medium
1259,Male,53,Medium
1260,Female,39,Medium
1261,Female,40,High
1262,Female,30,Medium
1263,Female,52,Low
1264,Male,61,High
1265,Other,20,Medium
1266,Other,68,Low
1267,Male,26,Medium
1268,Other,65,Low
1269,Other,35,Medium
1270,Male,43,High
1271,Male,46,Medium
1272,Other,65,Medium
1273,Male,29,High
1274,Female,56,High
1275,Female,40,Medium
1276,Other,36,Medium
1277,Male,41,High
1278,Female,61,Low
1279,Male,60,Low
1280,Other,61,Medium
1281,Other,47,Low
1282,Male,48,Low
1283,Male,36,Medium
1284,Male,38,Low
1285,Female,66,Medium
1286,Other,64,Medium
1287,Other,27,Low
1288,Female,21,Medium
1289,Female,35,Medium
1290,Female,62,High
1291,Other,54,Medium
1292,Male,37,Low
1293,Male,69,Low
1294,Other,53,Medium
1295,Other,65,Medium
1296,Male,49,High
1297,Female,69,High
1298,Female,44,Low
1299,Other,58,High
1300,Other,41,Low
1301,Other,46,Medium
1302,Other,41,Medium
1303,Male,46,Low
1304,Male,56,Low
1305,Other,35,Medium
1306,Male,27,Medium
1307,Female,64,Low
1308,Female,26,Medium
1309,Other,67,Medium
1310,Female,28,Medium
1311,Other,29,Medium
1312,Male,19,High
1313,Other,43,High
1314,Female,26,High
1315,Other,34,Low
1316,Male,52,Medium
1317,Male,63,Medium
1318,Other,20,High
1319,Female,23,Medium
1320,Other,60,Medium
1321,Other,40,Medium
1322,Female,52,Low
1323,Other,32,Medium
1324,Male,25,Low
1325,Male,49,Low
1326,Female,51,Low
1327,Male,28,Low
1328,Male,63,Low
1329,Female,20,Medium
1330,Other,46,High
1331,Other,27,Medium
1332,Female,35,Medium
1333,Female,35,Medium
1334,Other,29,Medium
1335,Male,44,High
1336,Other,68,Low
1337,Male,36,Medium
1338,Male,58,Medium
1339,Female,50,High
1340,Male,42,Medium
1341,Female,61,Medium
1342,Male,19,Low
1343,Other,19,Medium
1344,Male,22,Medium
1345,Other,39,Medium
1346,Female,50,High
1347,Female,61,Medium
1348,Male,22,Low
1349,Other,45,Medium
1350,Male,31,Medium
1351,Female,57,Medium
1352,Other,60,High
1353,Female,67,Low
1354,Female,27,Medium
1355,Male,58,Low
1356,Male,32,Medium
1357,Male,27,Low
1358,Male,21,Medium
1359,Female,60,High
1360,Female,66,Low
1361,Other,35,High
1362,Male,34,Low
1363,Other,48,Medium
1364,Male,50,Medium
1365,Other,42,Medium
1366,Other,29,Low
1367,Male,64,High
1368,Male,38,Medium
1369,Female,34,High
1370,Female,37,High
1371,Male,46,High
1372,Male,20,Medium
1373,Male,24,High
1374,Male,50,High
1375,Other,43,Medium
1376,Other,37,High
1377,Other,60,Medium
1378,Other,54,Medium
1379,Female,49,Low
1380,Male,52,Low
1381,Other,38,Medium
1382,Other,69,Low
1383,Male,58,Low
1384,Other,25,Low
1385,Other,19,High
1386,Female,68,Medium
1387,Other,65,Medium
1388,Male,33,High
1389,Other,44,Medium
1390,Female,53,Low
1391,Female,27,Medium
1392,Male,45,High
1393,Female,34,Medium
1394,Other,42,Medium
1395,Male,32,Medium
1396,Other,35,Low
1397,Male,45,Medium
1398,Female,19,Low
1399,Female,57,Medium
1400,Other,59,Low
1401,Female,48,Low
1402,Other,48,Medium
1403,Female,42,Low
1404,Female,18,High
1405,Other,35,Medium
1406,Female,33,Medium
1407,Male,59,Low
1408,Female,54,Low
1409,Male,58,Medium
1410,Male,59,Medium
1411,Male,54,Low
1412,Male,24,Medium
1413,Male,23,Low
1414,Female,31,Low
1415,Female,39,Medium
1416,Other,67,Medium
1417,Other,48,Low
1418,Other,62,Medium
1419,Other,27,Medium
1420,Male,63,Medium
1421,Female,57,Low
1422,Male,63,High
1423,Other,53,Low
1424,Male,58,Medium
1425,Other,55,Medium
1426,Other,51,Medium
1427,Other,20,High
1428,Other,40,Medium
1429,Female,60,Medium
1430,Other,34,Low
1431,Female,46,Low
1432,Female,18,High
1433,Other,20,Low
1434,Female,31,Low
1435,Other,28,Low
1436,Other,47,Low
1437,Other,38,Low
1438,Other,33,High
1439,Female,63,Medium
1440,Male,68,Medium
1441,Male,26,High
1442,Other,19,Low
1443,Other,43,High
1444,Other,59,Low
1445,Male,20,Low
1446,Male,32,Low
1447,Other,29,Medium
1448,Female,36,Low
1449,Female,58,Medium
1450,Male,31,Medium
1451,Female,32,Medium
1452,Female,40,Medium
1453,Other,28,High
1454,Female,60,High
1455,Other,20,Medium
1456,Other,60,High
1457,Other,18,Medium
1458,Other,21,Medium
1459,Female,38,Low
1460,Male,42,Low
1461,Female,37,Low
1462,Male,27,Medium
1463,Male,35,Medium
1464,Other,50,Medium
1465,Female,52,Low
1466,Male,42,Medium
1467,Male,20,Medium
1468,Female,68,Medium
1469,Male,67,Medium
1470,Female,30,Medium
1471,Other,52,Low
1472,Male,42,Low
1473,Other,35,Medium
1474,Male,68,Low
1475,Other,47,Low
1476,Male,57,Medium
1477,Female,63,Low
1478,Other,47,Medium
1479,Female,41,Low
1480,Male,43,Medium
1481,Other,18,Medium
1482,Other,50,Medium
1483,Male,25,Medium
1484,Male,29,Medium
1485,Male,25,Low
1486,Female,28,Low
1487,Other,31,Medium
1488,Other,35,Medium
1489,Female,61,Medium
1490,Other,57,High
1491,Female,18,Medium
1492,Female,38,Medium
1493,Male,27,Medium
1494,Female,54,High
1495,Other,46,Medium
1496,Other,63,High
1497,Male,57,Low
1498,Other,41,Low
1499,Female,61,Low
1500,Other,53,Medium
1501,Female,35,Medium
1502,Other,32,Medium
1503,Other,49,Low
1504,Male,55,Medium
1505,Female,60,High
1506,Male,62,Low
1507,Male,37,Low
1508,Male,51,Medium
1509,Male,26,Low
1510,Female,58,Medium
1511,Female,51,Medium
1512,Other,52,Medium
1513,Other,44,Low
1514,Male,59,Low
1515,Female,35,Medium
1516,Other,38,Low
1517,Male,35,Low
1518,Male,44,Low
1519,Other,48,Medium
1520,Female,45,Medium
1521,Other,50,Medium
1522,Other,32,Low
1523,Female,62,High
1524,Other,64,Low
1525,Male,53,Medium
1526,Other,36,Medium
1527,Female,52,Low
1528,Female,49,Medium
1529,Other,62,High
1530,Other,56,Low
1531,Other,29,Medium
1532,Male,46,Low
1533,Female,51,Low
1534,Male,33,Low
1535,Male,39,Medium
1536,Male,25,Low
1537,Female,29,Low
1538,Female,51,Low
1539,Male,33,Low
1540,Female,64,Low
1541,Female,26,Medium
1542,Female,44,High
1543,Other,64,Medium
1544,Female,52,Medium
1545,Female,28,High
1546,Female,36,Medium
1547,Male,48,Medium
1548,Other,32,High
1549,Other,44,High
1550,Male,50,Low
1551,Female,24,Medium
1552,Female,40,Medium
1553,Other,53,Medium
1554,Female,39,High
1555,Other,18,Medium
1556,Male,44,Medium
1557,Other,69,High
1558,Other,28,Low
1559,Other,68,Medium
1560,Other,29,Medium
1561,Other,38,High
1562,Male,25,High
1563,Female,30,Medium
1564,Female,54,Medium
1565,Other,50,Medium
1566,Female,67,Medium
1567,Other,19,Medium
1568,Female,26,Low
1569,Female,30,Medium
1570,Female,43,Medium
1571,Female,62,Low
1572,Male,64,Medium
1573,Other,69,High
1574,Other,26,High
1575,Male,32,Medium
1576,Male,24,Medium
1577,Male,60,Medium
1578,Male,54,Low
1579,Male,26,Low
1580,Other,31,Medium
1581,Male,47,Low
1582,Other,68,Medium
1583,Other,64,Medium
1584,Female,65,High
1585,Female,37,Medium
1586,Female,64,High
1587,Male,40,Medium
1588,Male,32,High
1589,Female,48,High
1590,Male,21,Low
1591,Female,42,High
1592,Other,68,Medium
1593,Other,36,Medium
1594,Other,54,High
1595,Other,51,Low
1596,Female,18,High
1597,Other,58,High
1598,Other,48,High
1599,Male,57,High
1600,Other,61,Low
1601,Other,52,Medium
1602,Female,44,Medium
1603,Male,38,Low
1604,Male,25,High
1605,Male,35,Low
1606,Male,40,Medium
1607,Female,58,Low
1608,Female,53,Low
1609,Female,46,Medium
1610,Other,33,Medium
1611,Male,67,Low
1612,Male,27,Low
1613,Female,34,Medium
1614,Male,39,High
1615,Other,57,Low
1616,Male,19,Medium
1617,Other,59,Medium
1618,Male,47,High
1619,Male,61,Low
1620,Female,56,Low
1621,Other,56,Low
1622,Male,62,Medium
1623,Male,36,High
1624,Female,27,High
1625,Other,37,Medium
1626,Other,41,Low
1627,Female,23,Low
1628,Male,62,High
1629,Other,35,Medium
1630,Female,33,Medium
1631,Female,56,Medium
1632,Female,57,Low
1633,Female,57,High
1634,Female,33,Medium
1635,Male,57,Medium
1636,Other,32,Medium
1637,Female,57,High
1638,Male,23,Medium
1639,Male,50,Low
1640,Female,65,Low
1641,Other,30,Low
1642,Female,21,Medium
1643,Female,49,Medium
1644,Other,67,High
1645,Female,46,Medium
1646,Male,24,Medium
1647,Male,50,High
1648,Other,22,High
1649,Other,57,Medium
1650,Female,21,Low
1651,Male,24,Low
1652,Male,33,Medium
1653,Female,54,High
1654,Other,66,Medium
1655,Male,28,Medium
1656,Male,67,High
1657,Female,22,Medium
1658,Other,46,Low
1659,Female,42,Low
1660,Male,20,High
1661,Female,49,Medium
1662,Female,47,Medium
1663,Other,37,Low
1664,Female,47,Low
1665,Male,20,Low
1666,Male,61,Medium
1667,Other,32,Medium
1668,Female,58,High
1669,Other,31,High
1670,Female,57,Medium
1671,Other,67,High
1672,Female,27,High
1673,Other,34,Medium
1674,Female,32,Medium
1675,Male,46,Medium
1676,Female,51,Low
1677,Female,52,High
1678,Female,26,High
1679,Other,68,Low
1680,Male,34,Low
1681,Other,19,Medium
1682,Male,43,Medium
1683,Other,55,Low
1684,Female,60,Medium
1685,Female,45,Low
1686,Other,47,Medium
1687,Female,60,High
1688,Other,26,Medium
1689,Other,45,Medium
1690,Male,33,High
1691,Female,41,High
1692,Female,39,Low
1693,Female,37,Low
1694,Other,69,Medium
1695,Male,31,High
1696,Female,69,High
1697,Other,60,Low
1698,Female,49,Medium
1699,Male,27,Medium
1700,Other,19,Low
1701,Other,24,Medium
1702,Other,18,Medium
1703,Other,54,Low
1704,Male,32,Medium
1705,Other,28,High
1706,Other,37,High
1707,Other,67,High
1708,Male,58,High
1709,Female,50,Low
1710,Female,69,High
1711,Male,55,Low
1712,Male,37,High
1713,Other,27,Medium
1714,Male,49,Low
1715,Female,53,Medium
1716,Female,67,Medium
1717,Female,29,Medium
1718,Male,42,Medium
1719,Male,26,High
1720,Other,66,Medium
1721,Other,34,Medium
1722,Other,31,Medium
1723,Other,41,Low
1724,Other,58,Medium
1725,Male,68,High
1726,Female,62,Medium
1727,Other,20,Medium
1728,Other,67,Low
1729,Female,58,Low
1730,Female,33,Low
1731,Female,35,Low
1732,Female,56,Medium
1733,Male,67,Low
1734,Female,31,Low
1735,Other,27,High
1736,Female,27,Low
1737,Other,23,Medium
1738,Male,20,Low
1739,Other,66,Medium
1740,Male,39,Low
1741,Other,19,Low
1742,Male,56,High
1743,Female,29,Medium
1744,Male,18,Medium
1745,Female,69,Low
1746,Male,54,Medium
1747,Female,30,Medium
1748,Male,49,Medium
1749,Other,42,Medium
1750,Other,68,Low
1751,Other,55,Medium
1752,Female,22,Medium
1753,Other,54,Low
1754,Other,35,Medium
1755,Male,27,Medium
1756,Other,36,Low
1757,Female,51,High
1758,Female,47,Low
1759,Male,49,Medium
1760,Female,28,Medium
1761,Female,39,Low
1762,Male,47,Medium
1763,Other,18,Medium
1764,Male,23,Medium
1765,Male,31,Medium
1766,Other,20,Medium
1767,Male,56,Medium
1768,Female,32,Medium
1769,Male,48,High
1770,Other,36,Medium
1771,Other,39,Medium
1772,Male,24,Medium
1773,Other,44,Medium
1774,Male,52,Low
1775,Female,60,Low
1776,Female,22,Medium
1777,Other,63,High
1778,Other,52,Low
1779,Male,53,Medium
1780,Female,54,Medium
1781,Other,40,Low
1782,Female,53,High
1783,Male,21,Medium
1784,Female,19,Medium
1785,Male,54,Low
1786,Other,52,Low
1787,Other,63,Low
1788,Other,21,Medium
1789,Other,65,High
1790,Male,21,Medium
1791,Male,23,Medium
1792,Other,68,High
1793,Other,34,High
1794,Female,21,Medium
1795,Male,39,Low
1796,Female,38,Low
1797,Male,29,Medium
1798,Male,24,Medium
1799,Other,65,Medium
1800,Other,45,High
1801,Female,63,Medium
1802,Other,30,Medium
1803,Other,60,Medium
1804,Other,60,Medium
1805,Male,50,Low
1806,Other,57,Medium
1807,Other,30,Low
1808,Male,21,Medium
1809,Female,42,Low
1810,Other,68,Medium
1811,Other,37,Low
1812,Male,55,Low
1813,Other,52,High
1814,Other,26,Medium
1815,Male,68,Medium
1816,Female,47,Medium
1817,Male,56,Medium
1818,Other,40,Medium
1819,Female,28,High
1820,Male,32,Low
1821,Other,64,Medium
1822,Other,39,High
1823,Female,34,Low
1824,Female,64,Medium
1825,Other,29,Medium
1826,Female,68,High
1827,Other,52,Low
1828,Female,51,Medium
1829,Male,18,High
1830,Male,49,Low
1831,Female,21,Low
1832,Female,41,High
1833,Other,24,High
1834,Other,29,Medium
1835,Other,39,Medium
1836,Male,66,High
1837,Male,52,High
1838,Male,38,Medium
1839,Female,46,Medium
1840,Male,66,Medium
1841,Female,34,Low
1842,Female,45,Low
1843,Female,59,Medium
1844,Male,64,Low
1845,Male,58,Low
1846,Female,34,Medium
1847,Male,21,Low
1848,Female,58,Low
1849,Female,23,Medium
1850,Male,32,Medium
1851,Female,61,Low
1852,Male,41,Medium
1853,Male,25,Medium
1854,Female,58,Low
1855,Other,44,High
1856,Male,48,Low
1857,Female,26,Medium
1858,Other,35,Medium
1859,Other,19,Low
1860,Other,39,Low
1861,Female,37,High
1862,Female,59,Medium
1863,Other,21,Medium
1864,Female,55,Medium
1865,Male,61,Low
1866,Other,30,Medium
1867,Other,66,Medium
1868,Other,37,Medium
1869,Other,69,Medium
1870,Female,23,Medium
1871,Other,32,Low
1872,Other,25,Medium
1873,Other,47,Medium
1874,Other,53,Medium
1875,Male,53,Medium
1876,Other,20,Low
1877,Female,44,Medium
1878,Male,47,High
1879,Male,46,Medium
1880,Other,33,Medium
1881,Female,57,High
1882,Male,55,Low
1883,Male,37,Medium
1884,Female,62,Medium
1885,Male,33,Medium
1886,Other,38,Low
1887,Male,35,Medium
1888,Other,58,Low
1889,Female,48,High
1890,Female,19,High
1891,Male,41,Low
1892,Female,23,Medium
1893,Other,63,High
1894,Other,34,Medium
1895,Other,43,Low
1896,Male,64,Medium
1897,Other,69,Medium
1898,Other,54,Medium
1899,Female,19,High
1900,Male,43,High
1901,Female,61,High
1902,Other,54,Low
1903,Other,18,Low
1904,Female,19,High
1905,Female,50,Medium
1906,Female,28,Medium
1907,Other,47,Medium
1908,Female,51,High
1909,Male,44,Low
1910,Male,60,High
1911,Female,51,Medium
1912,Male,24,Medium
1913,Male,56,Medium
1914,Male,56,Medium
1915,Female,19,Medium
1916,Male,47,Medium
1917,Male,65,Medium
1918,Other,20,Medium
1919,Female,19,Low
1920,Other,47,High
1921,Other,54,High
1922,Female,46,Low
1923,Male,52,High
1924,Other,55,Medium
1925,Male,39,Medium
1926,Male,54,Medium
1927,Male,35,Medium
1928,Female,57,Medium
1929,Other,62,Medium
1930,Other,51,Medium
1931,Female,62,Low
1932,Male,66,Medium
1933,Male,55,Medium
1934,Male,47,High
1935,Female,19,Low
1936,Other,37,Low
1937,Other,61,Medium
1938,Female,33,Low
1939,Other,21,Medium
1940,Other,65,Low
1941,Female,30,Medium
1942,Other,31,Medium
1943,Male,26,Medium
1944,Male,61,Medium
1945,Female,31,Medium
1946,Male,28,High
1947,Male,27,Low
1948,Male,47,High
1949,Other,24,Medium
1950,Other,23,Medium
1951,Male,34,Low
1952,Male,30,Medium
1953,Female,64,Low
1954,Male,21,Medium
1955,Female,43,High
1956,Male,49,Medium
1957,Other,20,High
1958,Female,28,Medium
1959,Male,37,Low
1960,Female,69,Low
1961,Male,46,Low
1962,Other,19,Medium
1963,Female,60,Medium
1964,Female,21,Medium
1965,Other,49,Medium
1966,Male,66,Medium
1967,Other,66,Low
1968,Other,38,Medium
1969,Female,34,Medium
1970,Male,62,High
1971,Female,30,Medium
1972,Female,49,Medium
1973,Female,68,High
1974,Female,20,Medium
1975,Other,59,High
1976,Male,65,Medium
1977,Other,69,High
1978,Female,48,Low
1979,Female,48,Medium
1980,Female,18,Medium
1981,Other,45,Low
1982,Other,40,Low
1983,Male,69,Low
1984,Male,22,Low
1985,Female,18,Medium
1986,Other,33,High
1987,Other,28,Low
1988,Female,53,Low
1989,Female,54,Low
1990,Female,33,Low
1991,Female,29,High
1992,Other,47,Low
1993,Female,61,Medium
1994,Male,21,Low
1995,Female,66,Low
1996,Female,58,Low
1997,Female,55,Low
1998,Male,25,Low
1999,Other,25,Medium
