FeedbackID,CustomerID,TransactionID,SatisfactionScore,Comments
40000,1217,206752,5,Satisfied
40001,1464,203260,3,Fast delivery
40002,1803,206211,1,Poor packaging
40003,1189,206169,2,Great service
40004,1905,208268,5,Product damaged
40005,1089,206346,1,Product damaged
40006,1335,209510,3,Great service
40007,1223,202081,1,Fast delivery
40008,1719,208826,2,Great service
40009,1635,208276,4,Poor packaging
40010,1397,208168,1,Poor packaging
40011,1370,202241,2,Poor packaging
40012,1280,204448,5,Great service
40013,1704,201932,1,Satisfied
40014,1934,206991,1,Fast delivery
40015,1426,208485,4,Product damaged
40016,1079,200769,4,Satisfied
40017,1352,202944,4,Great service
40018,1725,208210,4,Fast delivery
40019,1494,203804,2,Great service
40020,1475,202371,4,Product damaged
40021,1689,200946,4,Great service
40022,1662,200688,3,Great service
40023,1255,203713,4,Satisfied
40024,1129,203296,2,Great service
40025,1910,206559,2,Product damaged
40026,1114,209397,2,Satisfied
40027,1555,202124,5,Great service
40028,1683,207106,5,Great service
40029,1062,207644,3,Poor packaging
40030,1105,203525,5,Poor packaging
40031,1366,209485,3,Satisfied
40032,1164,208830,5,Product damaged
40033,1772,201099,1,Great service
40034,1287,207539,3,Fast delivery
40035,1997,207993,5,Satisfied
40036,1470,203035,1,Satisfied
40037,1022,203971,3,Great service
40038,1352,201863,3,Satisfied
40039,1197,201118,1,Fast delivery
40040,1175,203295,3,Satisfied
40041,1544,205891,1,Product damaged
40042,1744,202587,1,Fast delivery
40043,1275,209350,3,Product damaged
40044,1641,202696,3,Poor packaging
40045,1467,209012,4,Poor packaging
40046,1342,206368,4,Great service
40047,1882,208083,2,Great service
40048,1985,201679,2,Satisfied
40049,1821,206274,1,Poor packaging
40050,1153,208965,3,Satisfied
40051,1129,202149,1,Satisfied
40052,1961,209073,4,Product damaged
40053,1608,201333,2,Fast delivery
40054,1073,207629,1,Product damaged
40055,1923,205401,3,Product damaged
40056,1014,201057,2,Product damaged
40057,1593,200264,1,Fast delivery
40058,1486,201911,2,Product damaged
40059,1474,206838,3,Great service
40060,1100,203474,2,Satisfied
40061,1819,201318,1,Product damaged
40062,1422,205125,1,Poor packaging
40063,1875,201302,2,Fast delivery
40064,1459,200648,3,Satisfied
40065,1269,201784,1,Product damaged
40066,1030,206921,5,Fast delivery
40067,1072,202829,2,Fast delivery
40068,1557,208976,4,Poor packaging
40069,1295,202572,1,Fast delivery
40070,1698,205690,4,Satisfied
40071,1793,206336,4,Fast delivery
40072,1602,205157,3,Product damaged
40073,1527,202704,3,Great service
40074,1385,205773,3,Fast delivery
40075,1720,209133,2,Satisfied
40076,1988,202630,4,Product damaged
40077,1735,207162,1,Fast delivery
40078,1574,208267,4,Fast delivery
40079,1127,200022,5,Product damaged
40080,1408,209703,4,Fast delivery
40081,1962,204842,4,Product damaged
40082,1552,209465,2,Poor packaging
40083,1310,202981,1,Great service
40084,1485,204629,5,Fast delivery
40085,1354,208704,2,Poor packaging
40086,1514,201147,5,Product damaged
40087,1154,203556,4,Great service
40088,1653,203171,1,Fast delivery
40089,1544,207136,4,Poor packaging
40090,1852,207532,2,Product damaged
40091,1137,200688,1,Fast delivery
40092,1692,202783,5,Poor packaging
40093,1464,205138,1,Great service
40094,1966,202324,1,Great service
40095,1474,201691,2,Poor packaging
40096,1990,205087,2,Great service
40097,1167,200857,4,Great service
40098,1481,206930,1,Poor packaging
40099,1791,206404,1,Product damaged
40100,1137,208715,3,Satisfied
40101,1304,204944,4,Fast delivery
40102,1155,202058,3,Great service
40103,1873,209310,2,Product damaged
40104,1672,206201,5,Product damaged
40105,1942,208303,4,Satisfied
40106,1780,206567,1,Poor packaging
40107,1171,208085,3,Great service
40108,1604,203337,1,Fast delivery
40109,1282,200934,5,Great service
40110,1074,209394,1,Fast delivery
40111,1841,204652,3,Fast delivery
40112,1796,207030,4,Satisfied
40113,1235,202629,1,Fast delivery
40114,1461,200458,3,Poor packaging
40115,1212,200040,2,Fast delivery
40116,1295,208388,1,Product damaged
40117,1856,201471,1,Product damaged
40118,1134,205603,5,Great service
40119,1206,204931,1,Fast delivery
40120,1711,208750,3,Satisfied
40121,1356,207414,5,Fast delivery
40122,1505,207964,5,Fast delivery
40123,1853,204887,1,Fast delivery
40124,1844,202132,4,Satisfied
40125,1550,201593,2,Great service
40126,1536,204890,4,Fast delivery
40127,1411,200329,3,Great service
40128,1946,209386,1,Satisfied
40129,1511,207880,1,Great service
40130,1079,206633,2,Great service
40131,1838,207042,4,Poor packaging
40132,1816,201200,4,Fast delivery
40133,1696,200389,4,Great service
40134,1453,202008,4,Fast delivery
40135,1142,208774,5,Poor packaging
40136,1738,208018,2,Poor packaging
40137,1636,203677,3,Great service
40138,1257,200341,4,Great service
40139,1907,203275,2,Poor packaging
40140,1589,202625,2,Product damaged
40141,1948,206876,1,Great service
40142,1114,209544,3,Product damaged
40143,1766,202281,3,Satisfied
40144,1241,205404,3,Satisfied
40145,1827,203258,5,Satisfied
40146,1577,209052,4,Great service
40147,1426,209361,4,Great service
40148,1801,202415,4,Satisfied
40149,1411,200852,2,Product damaged
40150,1772,202267,5,Great service
40151,1418,205931,3,Great service
40152,1015,202934,1,Fast delivery
40153,1293,204852,3,Fast delivery
40154,1233,200642,2,Fast delivery
40155,1610,204604,4,Poor packaging
40156,1429,201141,1,Great service
40157,1893,208347,2,Satisfied
40158,1683,208021,1,Poor packaging
40159,1939,207594,5,Poor packaging
40160,1260,205226,1,Poor packaging
40161,1631,209632,1,Satisfied
40162,1685,203953,2,Poor packaging
40163,1999,206796,1,Fast delivery
40164,1173,206952,2,Poor packaging
40165,1755,200504,4,Product damaged
40166,1204,205560,2,Fast delivery
40167,1246,207404,4,Great service
40168,1832,209860,5,Great service
40169,1796,206151,3,Fast delivery
40170,1001,205057,4,Great service
40171,1830,208491,5,Satisfied
40172,1592,203498,4,Satisfied
40173,1675,205992,1,Poor packaging
40174,1677,206162,3,Product damaged
40175,1753,203261,5,Poor packaging
40176,1369,205712,5,Product damaged
40177,1886,204440,1,Great service
40178,1599,200644,4,Fast delivery
40179,1401,203699,5,Poor packaging
40180,1263,208528,4,Satisfied
40181,1539,207306,4,Poor packaging
40182,1899,203129,1,Satisfied
40183,1933,202959,4,Fast delivery
40184,1081,201103,3,Fast delivery
40185,1959,206085,1,Fast delivery
40186,1750,209974,1,Poor packaging
40187,1888,200593,2,Satisfied
40188,1327,205749,3,Great service
40189,1313,208977,5,Product damaged
40190,1446,206259,4,Fast delivery
40191,1787,201645,4,Great service
40192,1699,200646,1,Poor packaging
40193,1876,200202,4,Product damaged
40194,1418,203374,3,Great service
40195,1976,208846,5,Great service
40196,1036,207012,4,Fast delivery
40197,1970,205693,1,Great service
40198,1190,201101,3,Great service
40199,1635,204771,5,Product damaged
40200,1802,207824,3,Product damaged
40201,1691,208471,3,Poor packaging
40202,1913,201178,3,Fast delivery
40203,1184,209878,4,Fast delivery
40204,1507,206470,3,Great service
40205,1363,204220,4,Fast delivery
40206,1275,206528,3,Fast delivery
40207,1622,207998,5,Satisfied
40208,1698,208569,1,Great service
40209,1323,209009,4,Satisfied
40210,1665,203710,1,Poor packaging
40211,1268,207411,5,Product damaged
40212,1916,206014,1,Fast delivery
40213,1359,205229,3,Fast delivery
40214,1855,204049,5,Satisfied
40215,1478,204919,4,Fast delivery
40216,1867,208150,5,Product damaged
40217,1182,208851,4,Great service
40218,1297,206869,3,Satisfied
40219,1338,209995,2,Fast delivery
40220,1992,209068,3,Product damaged
40221,1866,201250,3,Fast delivery
40222,1790,208921,1,Fast delivery
40223,1709,201293,2,Great service
40224,1939,206379,5,Satisfied
40225,1537,205219,2,Satisfied
40226,1448,209803,3,Product damaged
40227,1587,207934,1,Satisfied
40228,1113,200352,2,Poor packaging
40229,1818,200636,5,Great service
40230,1073,205064,2,Fast delivery
40231,1345,206877,4,Satisfied
40232,1666,208782,4,Poor packaging
40233,1676,206572,5,Satisfied
40234,1488,200948,2,Fast delivery
40235,1765,206419,1,Satisfied
40236,1039,202873,5,Fast delivery
40237,1282,201870,3,Product damaged
40238,1064,205845,3,Satisfied
40239,1955,207391,5,Great service
40240,1311,202629,3,Fast delivery
40241,1623,203429,4,Great service
40242,1973,202698,1,Product damaged
40243,1819,200877,1,Great service
40244,1868,209884,1,Great service
40245,1180,204106,2,Product damaged
40246,1269,204964,5,Satisfied
40247,1671,203835,3,Product damaged
40248,1735,203766,2,Poor packaging
40249,1210,201642,3,Fast delivery
40250,1967,207135,5,Fast delivery
40251,1930,204531,3,Satisfied
40252,1048,203306,2,Product damaged
40253,1141,201853,2,Fast delivery
40254,1186,207377,2,Fast delivery
40255,1132,206032,1,Great service
40256,1094,206140,4,Product damaged
40257,1031,201405,2,Great service
40258,1727,209959,4,Poor packaging
40259,1917,201510,2,Poor packaging
40260,1060,209961,3,Poor packaging
40261,1916,200986,5,Satisfied
40262,1544,201823,2,Product damaged
40263,1462,209094,1,Satisfied
40264,1818,201877,2,Poor packaging
40265,1687,206321,3,Satisfied
40266,1142,201111,3,Fast delivery
40267,1258,208496,3,Satisfied
40268,1733,207824,3,Product damaged
40269,1696,203526,2,Great service
40270,1311,206639,4,Product damaged
40271,1061,209680,3,Great service
40272,1785,202323,3,Satisfied
40273,1360,203546,2,Satisfied
40274,1327,203372,5,Product damaged
40275,1082,200457,1,Great service
40276,1439,200965,1,Poor packaging
40277,1687,205039,1,Poor packaging
40278,1858,205112,5,Satisfied
40279,1388,201341,2,Satisfied
40280,1492,204203,5,Fast delivery
40281,1473,202386,3,Satisfied
40282,1653,205202,2,Satisfied
40283,1296,201442,2,Fast delivery
40284,1187,206555,1,Fast delivery
40285,1305,209477,3,Product damaged
40286,1062,204913,4,Satisfied
40287,1064,200888,2,Poor packaging
40288,1671,207137,2,Satisfied
40289,1218,200060,2,Satisfied
40290,1529,204657,4,Great service
40291,1017,206219,1,Great service
40292,1936,207395,3,Product damaged
40293,1874,207874,4,Poor packaging
40294,1632,208035,2,Great service
40295,1586,201254,1,Poor packaging
40296,1581,200335,3,Fast delivery
40297,1178,206581,5,Satisfied
40298,1220,203138,1,Product damaged
40299,1547,202517,3,Poor packaging
40300,1900,208618,2,Great service
40301,1622,200141,3,Satisfied
40302,1545,203456,2,Satisfied
40303,1270,204881,1,Satisfied
40304,1121,209486,5,Product damaged
40305,1648,207283,1,Fast delivery
40306,1480,201292,2,Satisfied
40307,1976,204631,4,Satisfied
40308,1612,205537,1,Satisfied
40309,1394,206168,5,Fast delivery
40310,1883,205535,4,Great service
40311,1297,205184,4,Poor packaging
40312,1485,205141,2,Satisfied
40313,1505,203659,3,Satisfied
40314,1190,207808,5,Great service
40315,1680,206786,2,Fast delivery
40316,1700,204323,5,Fast delivery
40317,1157,205884,3,Poor packaging
40318,1496,202811,2,Fast delivery
40319,1908,206658,1,Fast delivery
40320,1714,204322,1,Great service
40321,1752,209651,4,Great service
40322,1646,203618,3,Great service
40323,1370,206261,2,Poor packaging
40324,1249,203505,3,Fast delivery
40325,1313,207371,3,Great service
40326,1937,201392,1,Product damaged
40327,1447,202013,2,Satisfied
40328,1114,205654,4,Product damaged
40329,1376,203664,2,Poor packaging
40330,1812,200064,1,Fast delivery
40331,1084,206864,4,Fast delivery
40332,1838,203957,4,Satisfied
40333,1405,207161,5,Poor packaging
40334,1368,203180,2,Poor packaging
40335,1735,204922,5,Product damaged
40336,1771,204350,1,Poor packaging
40337,1206,206562,2,Fast delivery
40338,1887,202110,2,Fast delivery
40339,1678,206801,2,Fast delivery
40340,1877,201070,5,Fast delivery
40341,1340,200122,3,Product damaged
40342,1740,208570,3,Fast delivery
40343,1936,209221,3,Fast delivery
40344,1552,208724,5,Satisfied
40345,1997,201838,5,Product damaged
40346,1936,203485,4,Product damaged
40347,1667,207932,3,Poor packaging
40348,1502,200532,5,Poor packaging
40349,1682,202670,4,Great service
40350,1127,203441,1,Fast delivery
40351,1447,206316,1,Fast delivery
40352,1133,202656,5,Satisfied
40353,1833,202993,4,Product damaged
40354,1894,201099,4,Product damaged
40355,1626,202007,5,Satisfied
40356,1926,206713,2,Product damaged
40357,1858,203374,1,Satisfied
40358,1776,206948,1,Fast delivery
40359,1256,208373,2,Fast delivery
40360,1014,204386,1,Satisfied
40361,1662,206662,1,Fast delivery
40362,1400,203878,1,Poor packaging
40363,1313,208917,1,Poor packaging
40364,1326,203872,3,Great service
40365,1103,202250,5,Satisfied
40366,1511,203689,2,Product damaged
40367,1194,209307,1,Product damaged
40368,1097,201309,3,Great service
40369,1948,204073,5,Poor packaging
40370,1594,202416,2,Satisfied
40371,1285,201347,1,Great service
40372,1777,204664,1,Poor packaging
40373,1822,200428,1,Satisfied
40374,1681,203063,4,Fast delivery
40375,1763,201251,3,Poor packaging
40376,1497,203857,5,Satisfied
40377,1742,205680,2,Poor packaging
40378,1943,202734,2,Poor packaging
40379,1895,208825,3,Great service
40380,1622,206276,3,Fast delivery
40381,1209,208808,1,Satisfied
40382,1790,203517,2,Poor packaging
40383,1470,204563,1,Product damaged
40384,1899,203776,3,Fast delivery
40385,1226,207521,3,Poor packaging
40386,1200,201629,3,Product damaged
40387,1970,208169,5,Great service
40388,1064,203922,5,Satisfied
40389,1649,204664,1,Fast delivery
40390,1765,202464,3,Fast delivery
40391,1878,202529,1,Satisfied
40392,1478,200151,1,Poor packaging
40393,1013,202015,5,Satisfied
40394,1347,204899,4,Satisfied
40395,1110,200368,5,Fast delivery
40396,1547,201310,1,Poor packaging
40397,1471,205890,5,Satisfied
40398,1539,206283,3,Poor packaging
40399,1826,201189,3,Great service
40400,1259,206317,2,Fast delivery
40401,1973,201885,4,Fast delivery
40402,1633,209703,5,Great service
40403,1580,209524,4,Satisfied
40404,1883,202337,2,Great service
40405,1479,205973,3,Great service
40406,1144,200887,1,Fast delivery
40407,1375,208648,5,Product damaged
40408,1609,205146,3,Fast delivery
40409,1377,204463,2,Great service
40410,1420,203601,1,Fast delivery
40411,1445,209902,3,Product damaged
40412,1473,206088,3,Great service
40413,1113,206927,3,Fast delivery
40414,1670,204122,5,Satisfied
40415,1219,207155,5,Great service
40416,1764,202153,1,Product damaged
40417,1411,200154,5,Fast delivery
40418,1988,204842,2,Great service
40419,1180,203194,1,Fast delivery
40420,1803,208965,3,Poor packaging
40421,1895,202041,2,Great service
40422,1153,204178,3,Great service
40423,1085,209865,1,Poor packaging
40424,1226,207287,3,Fast delivery
40425,1027,204268,4,Satisfied
40426,1956,208990,2,Satisfied
40427,1619,204826,1,Satisfied
40428,1383,203495,1,Poor packaging
40429,1533,204098,3,Product damaged
40430,1945,203246,3,Great service
40431,1802,204699,2,Product damaged
40432,1337,207575,5,Great service
40433,1372,201674,2,Product damaged
40434,1068,200202,4,Product damaged
40435,1252,203314,2,Poor packaging
40436,1988,202590,3,Poor packaging
40437,1522,209518,5,Product damaged
40438,1215,203754,5,Great service
40439,1805,200778,2,Fast delivery
40440,1886,201591,4,Product damaged
40441,1442,208965,2,Poor packaging
40442,1172,207296,1,Great service
40443,1811,201025,5,Fast delivery
40444,1792,209891,1,Product damaged
40445,1527,209551,4,Poor packaging
40446,1635,208673,4,Satisfied
40447,1915,203776,3,Great service
40448,1693,209852,2,Fast delivery
40449,1908,206782,2,Poor packaging
40450,1162,206620,2,Satisfied
40451,1651,203177,1,Product damaged
40452,1759,207496,4,Great service
40453,1190,208967,4,Fast delivery
40454,1515,209435,1,Poor packaging
40455,1547,206018,2,Product damaged
40456,1861,207087,2,Poor packaging
40457,1988,200169,1,Satisfied
40458,1337,202476,3,Product damaged
40459,1488,207514,3,Poor packaging
40460,1348,209761,2,Great service
40461,1904,200106,2,Great service
40462,1201,206175,1,Fast delivery
40463,1265,202364,5,Great service
40464,1692,204316,4,Great service
40465,1519,205069,2,Fast delivery
40466,1762,205069,2,Product damaged
40467,1631,202144,5,Poor packaging
40468,1314,208941,3,Product damaged
40469,1255,208151,4,Poor packaging
40470,1240,209149,5,Great service
40471,1402,204386,1,Satisfied
40472,1683,200909,3,Fast delivery
40473,1811,209068,4,Product damaged
40474,1801,201016,3,Poor packaging
40475,1820,203823,5,Satisfied
40476,1770,206439,4,Poor packaging
40477,1598,200590,2,Fast delivery
40478,1238,201277,1,Product damaged
40479,1257,208795,3,Fast delivery
40480,1187,205185,1,Product damaged
40481,1941,203496,3,Fast delivery
40482,1014,200314,3,Product damaged
40483,1098,206370,3,Great service
40484,1367,203743,1,Product damaged
40485,1122,202850,2,Great service
40486,1383,209285,3,Satisfied
40487,1262,207555,5,Product damaged
40488,1188,203421,5,Poor packaging
40489,1930,202801,1,Product damaged
40490,1290,207508,1,Product damaged
40491,1580,204117,5,Satisfied
40492,1176,201677,2,Poor packaging
40493,1978,205832,2,Great service
40494,1862,205152,4,Product damaged
40495,1001,205007,3,Product damaged
40496,1161,206161,5,Poor packaging
40497,1491,207823,1,Satisfied
40498,1621,209245,5,Poor packaging
40499,1780,204471,5,Poor packaging
40500,1703,203691,1,Fast delivery
40501,1546,208205,5,Great service
40502,1609,201124,2,Satisfied
40503,1973,208413,3,Product damaged
40504,1930,206356,2,Satisfied
40505,1740,200254,5,Satisfied
40506,1921,206789,2,Poor packaging
40507,1299,203991,4,Product damaged
40508,1233,202572,5,Product damaged
40509,1134,204595,4,Fast delivery
40510,1995,200493,2,Product damaged
40511,1294,209596,1,Fast delivery
40512,1340,200080,3,Poor packaging
40513,1718,208137,1,Great service
40514,1504,201228,4,Satisfied
40515,1908,203562,1,Satisfied
40516,1979,208416,4,Product damaged
40517,1242,207780,1,Product damaged
40518,1097,200836,3,Satisfied
40519,1857,206624,5,Great service
40520,1259,203169,3,Great service
40521,1865,201778,2,Great service
40522,1083,203284,2,Product damaged
40523,1530,205325,1,Product damaged
40524,1120,206746,3,Great service
40525,1996,202470,2,Satisfied
40526,1798,204837,5,Fast delivery
40527,1722,200431,1,Satisfied
40528,1758,208987,4,Fast delivery
40529,1042,202828,1,Great service
40530,1063,203938,3,Product damaged
40531,1765,209847,3,Great service
40532,1769,205122,5,Poor packaging
40533,1985,200750,1,Product damaged
40534,1789,202688,1,Fast delivery
40535,1336,204147,3,Product damaged
40536,1599,202569,1,Great service
40537,1843,204359,2,Fast delivery
40538,1789,206713,2,Poor packaging
40539,1743,208880,1,Satisfied
40540,1723,202337,2,Poor packaging
40541,1834,207147,3,Satisfied
40542,1270,203316,4,Product damaged
40543,1042,208094,1,Great service
40544,1781,206885,5,Great service
40545,1879,209122,1,Satisfied
40546,1073,200460,3,Great service
40547,1638,205234,5,Product damaged
40548,1531,205757,5,Poor packaging
40549,1534,206850,4,Product damaged
40550,1821,202818,1,Product damaged
40551,1456,202222,1,Poor packaging
40552,1614,201651,5,Fast delivery
40553,1573,202586,2,Fast delivery
40554,1498,201417,1,Satisfied
40555,1573,209755,1,Satisfied
40556,1959,206083,2,Fast delivery
40557,1329,208321,4,Fast delivery
40558,1436,207353,1,Product damaged
40559,1999,200068,3,Great service
40560,1316,206261,2,Satisfied
40561,1564,203079,1,Great service
40562,1642,209203,2,Poor packaging
40563,1395,209103,2,Fast delivery
40564,1635,200467,4,Product damaged
40565,1531,208845,4,Poor packaging
40566,1536,205339,5,Satisfied
40567,1984,202429,1,Product damaged
40568,1027,207968,4,Poor packaging
40569,1527,209258,1,Poor packaging
40570,1946,206957,5,Great service
40571,1167,205294,4,Fast delivery
40572,1788,205742,4,Product damaged
40573,1582,207511,5,Product damaged
40574,1843,200257,3,Product damaged
40575,1361,206376,3,Poor packaging
40576,1738,209668,5,Fast delivery
40577,1849,205946,3,Product damaged
40578,1209,208127,3,Poor packaging
40579,1394,203513,3,Fast delivery
40580,1671,200913,3,Poor packaging
40581,1762,207844,2,Product damaged
40582,1888,208476,2,Great service
40583,1511,203388,4,Product damaged
40584,1608,209075,1,Satisfied
40585,1942,204720,2,Satisfied
40586,1428,208143,1,Great service
40587,1736,202124,5,Product damaged
40588,1974,203219,5,Product damaged
40589,1273,204930,5,Fast delivery
40590,1213,207525,1,Satisfied
40591,1645,205222,5,Great service
40592,1186,206541,4,Fast delivery
40593,1469,200336,1,Poor packaging
40594,1261,200465,4,Poor packaging
40595,1782,201035,4,Fast delivery
40596,1613,208091,3,Great service
40597,1349,200716,4,Fast delivery
40598,1247,203979,2,Great service
40599,1956,209016,4,Product damaged
40600,1373,208317,5,Poor packaging
40601,1504,200643,3,Poor packaging
40602,1285,204051,1,Fast delivery
40603,1429,204280,4,Satisfied
40604,1493,209520,3,Fast delivery
40605,1991,207724,4,Product damaged
40606,1979,208750,4,Fast delivery
40607,1400,202918,5,Great service
40608,1220,203483,2,Product damaged
40609,1458,208203,3,Poor packaging
40610,1369,201964,3,Great service
40611,1490,206670,4,Fast delivery
40612,1595,206502,3,Satisfied
40613,1616,200065,1,Satisfied
40614,1509,200590,1,Great service
40615,1211,206775,4,Fast delivery
40616,1263,206481,3,Satisfied
40617,1177,208412,4,Great service
40618,1144,209120,1,Satisfied
40619,1824,201884,3,Great service
40620,1441,209722,2,Great service
40621,1971,209124,4,Fast delivery
40622,1607,205529,1,Satisfied
40623,1469,203897,1,Great service
40624,1538,201288,2,Poor packaging
40625,1057,202368,4,Great service
40626,1100,208264,5,Great service
40627,1946,207661,5,Product damaged
40628,1686,203482,1,Great service
40629,1056,208397,5,Fast delivery
40630,1817,201506,1,Fast delivery
40631,1345,201821,5,Great service
40632,1670,205329,1,Fast delivery
40633,1284,208464,3,Great service
40634,1734,200360,2,Fast delivery
40635,1279,207632,1,Poor packaging
40636,1190,202647,5,Great service
40637,1323,206948,4,Great service
40638,1493,203426,5,Poor packaging
40639,1461,200603,2,Fast delivery
40640,1076,203469,5,Fast delivery
40641,1406,204643,5,Satisfied
40642,1775,208354,4,Poor packaging
40643,1780,207089,1,Poor packaging
40644,1128,201669,3,Product damaged
40645,1249,204820,4,Fast delivery
40646,1190,203803,2,Great service
40647,1026,203336,4,Poor packaging
40648,1848,204108,1,Product damaged
40649,1680,205711,2,Fast delivery
40650,1392,203310,3,Great service
40651,1026,204974,3,Product damaged
40652,1345,206121,5,Poor packaging
40653,1368,205744,5,Great service
40654,1916,203606,2,Great service
40655,1362,206623,3,Satisfied
40656,1045,205869,1,Product damaged
40657,1431,206688,2,Great service
40658,1835,205941,5,Poor packaging
40659,1909,200596,5,Great service
40660,1425,207491,5,Satisfied
40661,1236,209276,4,Satisfied
40662,1698,202530,3,Great service
40663,1202,207987,4,Fast delivery
40664,1573,208650,2,Great service
40665,1771,208232,4,Satisfied
40666,1570,207317,3,Satisfied
40667,1929,202601,2,Poor packaging
40668,1388,205177,3,Poor packaging
40669,1031,209011,3,Fast delivery
40670,1847,203124,1,Poor packaging
40671,1603,208381,1,Great service
40672,1577,205667,1,Great service
40673,1290,202995,5,Satisfied
40674,1775,202856,4,Great service
40675,1568,205284,1,Satisfied
40676,1920,202962,2,Great service
40677,1918,205609,5,Great service
40678,1675,201910,1,Great service
40679,1664,205143,4,Great service
40680,1912,208510,5,Poor packaging
40681,1702,204579,5,Poor packaging
40682,1753,204662,2,Satisfied
40683,1575,207802,3,Product damaged
40684,1217,202876,2,Great service
40685,1877,206548,4,Satisfied
40686,1676,208444,4,Satisfied
40687,1084,200004,4,Great service
40688,1900,206623,5,Great service
40689,1663,208591,4,Satisfied
40690,1969,200858,2,Satisfied
40691,1705,202699,5,Poor packaging
40692,1217,205312,2,Poor packaging
40693,1200,204216,1,Great service
40694,1047,200225,1,Satisfied
40695,1756,203180,1,Great service
40696,1925,205473,2,Fast delivery
40697,1806,204269,3,Great service
40698,1248,201775,2,Great service
40699,1500,200927,1,Satisfied
40700,1099,205564,3,Satisfied
40701,1702,200412,5,Poor packaging
40702,1735,203631,4,Product damaged
40703,1568,203666,3,Great service
40704,1327,203396,1,Poor packaging
40705,1956,203060,3,Fast delivery
40706,1514,207238,4,Great service
40707,1131,203789,5,Product damaged
40708,1254,206106,2,Fast delivery
40709,1088,209599,3,Great service
40710,1176,207531,1,Satisfied
40711,1090,208601,4,Product damaged
40712,1911,208006,3,Satisfied
40713,1022,206420,3,Fast delivery
40714,1750,203031,3,Poor packaging
40715,1025,205328,1,Satisfied
40716,1718,200126,3,Product damaged
40717,1114,208507,3,Satisfied
40718,1793,205886,5,Poor packaging
40719,1893,201148,1,Great service
40720,1886,202248,3,Poor packaging
40721,1408,206647,4,Fast delivery
40722,1937,205070,2,Great service
40723,1714,203438,2,Satisfied
40724,1844,200855,5,Satisfied
40725,1555,201886,1,Poor packaging
40726,1512,204203,4,Great service
40727,1163,205767,1,Poor packaging
40728,1350,201278,2,Great service
40729,1370,209224,4,Poor packaging
40730,1277,209744,2,Product damaged
40731,1611,209721,2,Product damaged
40732,1388,206799,1,Great service
40733,1492,208242,3,Great service
40734,1116,209036,5,Poor packaging
40735,1914,200523,4,Product damaged
40736,1367,200882,5,Poor packaging
40737,1734,205314,4,Satisfied
40738,1470,201764,2,Great service
40739,1316,206007,4,Product damaged
40740,1341,202956,4,Satisfied
40741,1312,201014,1,Great service
40742,1862,208972,5,Product damaged
40743,1148,200155,5,Satisfied
40744,1322,205547,4,Poor packaging
40745,1052,200446,3,Poor packaging
40746,1699,205572,3,Product damaged
40747,1572,207571,5,Fast delivery
40748,1330,203419,4,Fast delivery
40749,1779,205676,5,Great service
40750,1553,209596,1,Great service
40751,1639,201720,2,Satisfied
40752,1984,208022,1,Satisfied
40753,1687,202689,2,Poor packaging
40754,1596,204126,4,Fast delivery
40755,1198,206993,4,Great service
40756,1734,206638,1,Fast delivery
40757,1202,203798,1,Satisfied
40758,1192,202072,3,Fast delivery
40759,1717,207140,1,Poor packaging
40760,1942,203106,5,Great service
40761,1278,206254,2,Poor packaging
40762,1995,209941,3,Great service
40763,1810,207496,5,Poor packaging
40764,1324,202220,5,Satisfied
40765,1551,200534,1,Product damaged
40766,1311,203657,3,Poor packaging
40767,1068,200783,4,Poor packaging
40768,1577,206147,4,Fast delivery
40769,1509,207518,1,Satisfied
40770,1677,203651,2,Product damaged
40771,1069,200625,1,Product damaged
40772,1336,206964,2,Great service
40773,1132,200397,5,Great service
40774,1845,202690,3,Product damaged
40775,1739,207149,4,Product damaged
40776,1315,205809,5,Satisfied
40777,1814,207955,1,Product damaged
40778,1749,209398,3,Great service
40779,1859,201747,4,Great service
40780,1511,204114,5,Fast delivery
40781,1075,204468,1,Product damaged
40782,1352,206011,2,Satisfied
40783,1039,208126,3,Poor packaging
40784,1279,208052,2,Great service
40785,1529,208302,3,Poor packaging
40786,1633,200865,2,Great service
40787,1074,207963,5,Satisfied
40788,1749,202351,4,Poor packaging
40789,1728,207476,1,Fast delivery
40790,1754,209911,4,Satisfied
40791,1764,205631,3,Great service
40792,1338,206576,2,Product damaged
40793,1451,206133,4,Poor packaging
40794,1957,208050,1,Product damaged
40795,1774,200156,1,Great service
40796,1465,209780,4,Poor packaging
40797,1270,201732,2,Poor packaging
40798,1623,207105,3,Poor packaging
40799,1846,207698,5,Satisfied
40800,1193,200474,2,Satisfied
40801,1360,203193,5,Satisfied
40802,1163,209690,4,Satisfied
40803,1058,203545,4,Great service
40804,1582,207908,4,Fast delivery
40805,1796,203769,3,Great service
40806,1408,209108,4,Poor packaging
40807,1438,203069,2,Satisfied
40808,1020,201636,2,Poor packaging
40809,1432,201447,3,Satisfied
40810,1011,202629,1,Product damaged
40811,1519,207617,5,Product damaged
40812,1596,204152,2,Satisfied
40813,1424,202693,2,Product damaged
40814,1023,204470,4,Satisfied
40815,1931,209914,1,Fast delivery
40816,1257,203878,4,Poor packaging
40817,1412,205578,3,Great service
40818,1509,201604,5,Great service
40819,1012,203401,5,Great service
40820,1600,200563,4,Satisfied
40821,1518,203654,5,Satisfied
40822,1750,202414,5,Fast delivery
40823,1807,209801,1,Satisfied
40824,1483,200184,2,Great service
40825,1570,203718,3,Product damaged
40826,1953,207971,1,Poor packaging
40827,1355,207134,1,Satisfied
40828,1906,203377,4,Great service
40829,1924,208487,4,Poor packaging
40830,1510,207113,4,Poor packaging
40831,1016,204135,3,Satisfied
40832,1652,206962,4,Satisfied
40833,1008,204697,2,Satisfied
40834,1989,207126,3,Fast delivery
40835,1681,204347,5,Great service
40836,1904,205526,3,Satisfied
40837,1020,203664,5,Poor packaging
40838,1845,201192,1,Fast delivery
40839,1154,200184,5,Great service
40840,1054,202142,3,Product damaged
40841,1034,204402,2,Satisfied
40842,1730,204678,2,Satisfied
40843,1423,205652,5,Product damaged
40844,1088,202105,3,Satisfied
40845,1779,205750,5,Great service
40846,1510,207465,5,Fast delivery
40847,1711,208489,1,Poor packaging
40848,1412,209051,3,Product damaged
40849,1132,200935,5,Great service
40850,1955,207578,4,Great service
40851,1741,208893,4,Product damaged
40852,1914,202828,4,Fast delivery
40853,1930,203241,5,Fast delivery
40854,1813,203649,3,Poor packaging
40855,1685,205842,1,Poor packaging
40856,1684,208752,4,Poor packaging
40857,1550,208142,5,Fast delivery
40858,1424,205466,5,Satisfied
40859,1366,201675,3,Satisfied
40860,1366,201269,5,Satisfied
40861,1856,202087,3,Product damaged
40862,1273,205577,1,Product damaged
40863,1186,204987,1,Product damaged
40864,1086,200507,5,Product damaged
40865,1487,209847,2,Fast delivery
40866,1157,204095,1,Product damaged
40867,1764,204227,3,Poor packaging
40868,1832,202268,5,Product damaged
40869,1985,205515,2,Great service
40870,1467,201301,1,Satisfied
40871,1360,205489,3,Great service
40872,1168,201607,5,Great service
40873,1724,205340,3,Poor packaging
40874,1822,204166,5,Fast delivery
40875,1442,204625,2,Poor packaging
40876,1044,206745,3,Fast delivery
40877,1851,202107,3,Poor packaging
40878,1322,200444,1,Fast delivery
40879,1528,200739,3,Product damaged
40880,1602,200542,1,Poor packaging
40881,1849,205232,3,Great service
40882,1998,206883,3,Poor packaging
40883,1201,204558,1,Great service
40884,1275,205429,1,Fast delivery
40885,1150,201191,1,Product damaged
40886,1191,205042,2,Product damaged
40887,1391,207915,5,Product damaged
40888,1614,200201,4,Great service
40889,1740,209671,5,Satisfied
40890,1448,203672,5,Satisfied
40891,1373,206625,5,Poor packaging
40892,1059,209750,2,Satisfied
40893,1518,207215,5,Satisfied
40894,1643,205523,2,Satisfied
40895,1155,205206,4,Satisfied
40896,1530,209046,4,Great service
40897,1645,208820,1,Product damaged
40898,1889,201315,5,Fast delivery
40899,1537,205420,5,Great service
40900,1807,209557,1,Satisfied
40901,1996,202390,2,Satisfied
40902,1373,205161,5,Great service
40903,1402,200840,5,Fast delivery
40904,1976,204516,4,Product damaged
40905,1604,201188,2,Satisfied
40906,1240,206045,2,Poor packaging
40907,1660,205314,4,Fast delivery
40908,1516,203360,2,Satisfied
40909,1400,209969,1,Poor packaging
40910,1933,208495,5,Great service
40911,1317,209190,3,Product damaged
40912,1488,201103,1,Poor packaging
40913,1115,207835,4,Satisfied
40914,1679,209235,4,Poor packaging
40915,1774,208265,4,Great service
40916,1666,205915,3,Satisfied
40917,1629,205484,1,Fast delivery
40918,1158,207779,3,Poor packaging
40919,1865,200007,5,Fast delivery
40920,1701,205222,4,Great service
40921,1537,204951,3,Poor packaging
40922,1453,206544,5,Product damaged
40923,1542,207995,5,Great service
40924,1011,201420,5,Poor packaging
40925,1910,201256,4,Poor packaging
40926,1765,202974,2,Product damaged
40927,1825,207701,5,Poor packaging
40928,1896,201806,2,Poor packaging
40929,1445,201761,5,Fast delivery
40930,1058,200046,3,Fast delivery
40931,1217,204605,5,Satisfied
40932,1036,203107,4,Poor packaging
40933,1773,202911,4,Great service
40934,1535,201278,2,Great service
40935,1046,202840,2,Poor packaging
40936,1959,203124,1,Satisfied
40937,1121,201109,3,Fast delivery
40938,1547,204290,1,Fast delivery
40939,1491,207027,5,Satisfied
40940,1504,207196,2,Poor packaging
40941,1082,209896,4,Satisfied
40942,1311,204675,3,Great service
40943,1849,202001,4,Poor packaging
40944,1229,200167,2,Poor packaging
40945,1079,203476,1,Satisfied
40946,1016,203444,3,Satisfied
40947,1010,203827,2,Product damaged
40948,1771,208707,4,Product damaged
40949,1377,202107,5,Fast delivery
40950,1591,202811,5,Product damaged
40951,1392,208642,5,Fast delivery
40952,1982,204764,1,Great service
40953,1073,201637,4,Product damaged
40954,1729,209620,3,Satisfied
40955,1620,206437,2,Fast delivery
40956,1483,204301,5,Fast delivery
40957,1493,202091,5,Great service
40958,1166,209430,1,Product damaged
40959,1834,203890,5,Satisfied
40960,1851,205188,1,Fast delivery
40961,1080,200781,1,Great service
40962,1109,207566,1,Great service
40963,1430,207291,5,Product damaged
40964,1027,208202,5,Satisfied
40965,1896,206876,3,Product damaged
40966,1547,205703,1,Fast delivery
40967,1984,203441,2,Satisfied
40968,1352,203476,4,Product damaged
40969,1561,203726,1,Satisfied
40970,1340,206112,2,Great service
40971,1733,207406,1,Great service
40972,1332,203814,5,Poor packaging
40973,1934,201816,5,Great service
40974,1127,203952,3,Product damaged
40975,1639,208109,3,Great service
40976,1689,203920,1,Fast delivery
40977,1150,208191,5,Great service
40978,1692,203965,1,Product damaged
40979,1901,204446,2,Fast delivery
40980,1722,200126,1,Poor packaging
40981,1649,204529,3,Great service
40982,1783,203313,4,Poor packaging
40983,1716,204791,2,Product damaged
40984,1021,201536,3,Satisfied
40985,1833,206408,5,Product damaged
40986,1425,209519,1,Great service
40987,1089,204825,3,Poor packaging
40988,1260,209913,3,Product damaged
40989,1733,205164,5,Poor packaging
40990,1420,202321,4,Fast delivery
40991,1597,202754,5,Poor packaging
40992,1434,200162,1,Product damaged
40993,1465,207161,5,Fast delivery
40994,1348,203480,1,Product damaged
40995,1402,207308,5,Satisfied
40996,1771,204664,4,Great service
40997,1455,204924,1,Product damaged
40998,1282,204437,1,Fast delivery
40999,1822,204305,3,Satisfied
