ProductID,ProductCategory,ProductName,Price
5000,Books,Product_0,92.7
5001,Books,Product_1,211.69
5002,Groceries,Product_2,86.74
5003,Groceries,Product_3,81.37
5004,Home Decor,Product_4,318.36
5005,Clothing,Product_5,99.73
5006,Clothing,Product_6,243.91
5007,Home Decor,Product_7,489.08
5008,Books,Product_8,169.9
5009,Clothing,Product_9,437.45
5010,Groceries,Product_10,201.2
5011,Electronics,Product_11,135.12
5012,Books,Product_12,171.44
5013,Electronics,Product_13,68.2
5014,Electronics,Product_14,341.1
5015,Home Decor,Product_15,256.96
5016,Electronics,Product_16,308.85
5017,Clothing,Product_17,155.03
5018,Home Decor,Product_18,328.47
5019,Groceries,Product_19,86.48
5020,Electronics,Product_20,327.97
5021,Clothing,Product_21,45.16
5022,Clothing,Product_22,203.14
5023,Groceries,Product_23,306.83
5024,Home Decor,Product_24,428.38
5025,Home Decor,Product_25,407.15
5026,Home Decor,Product_26,265.84
5027,Groceries,Product_27,442.27
5028,Groceries,Product_28,255.42
5029,Groceries,Product_29,261.0
5030,Home Decor,Product_30,361.67
5031,Electronics,Product_31,439.5
5032,Groceries,Product_32,303.34
5033,Groceries,Product_33,472.37
5034,Home Decor,Product_34,120.13
5035,Groceries,Product_35,462.53
5036,Electronics,Product_36,114.72
5037,Home Decor,Product_37,265.58
5038,Groceries,Product_38,399.04
5039,Groceries,Product_39,401.78
5040,Books,Product_40,142.69
5041,Books,Product_41,493.02
5042,Clothing,Product_42,44.9
5043,Clothing,Product_43,22.22
5044,Groceries,Product_44,421.56
5045,Books,Product_45,410.41
5046,Clothing,Product_46,357.84
5047,Home Decor,Product_47,426.13
5048,Books,Product_48,73.09
5049,Electronics,Product_49,52.37
