TicketID,CustomerID,TicketDate,IssueType,Resolved
30000,1715,2023-01-14,Other,True
30001,1938,2023-05-15,Delivery Delay,True
30002,1915,2023-12-11,Payment Issue,True
30003,1721,2024-11-18,Payment Issue,False
30004,1416,2023-07-17,Product Issue,True
30005,1160,2024-12-13,Payment Issue,False
30006,1356,2023-07-03,Delivery Delay,False
30007,1294,2023-12-28,Other,True
30008,1395,2024-12-15,Other,False
30009,1484,2023-01-07,Product Issue,True
30010,1205,2023-08-12,Payment Issue,True
30011,1915,2024-05-02,Delivery Delay,True
30012,1360,2024-02-28,Product Issue,True
30013,1241,2023-05-21,Payment Issue,True
30014,1913,2024-01-23,Payment Issue,False
30015,1201,2024-01-11,Delivery Delay,False
30016,1784,2024-08-02,Product Issue,True
30017,1900,2023-10-09,Product Issue,True
30018,1063,2023-03-28,Other,True
30019,1411,2023-12-16,Product Issue,True
30020,1484,2023-07-04,Other,True
30021,1800,2024-12-04,Product Issue,True
30022,1421,2023-07-27,Payment Issue,True
30023,1724,2024-01-06,Delivery Delay,True
30024,1806,2024-05-30,Product Issue,True
30025,1106,2023-07-20,Payment Issue,True
30026,1254,2024-11-17,Product Issue,False
30027,1859,2023-10-03,Other,True
30028,1320,2024-07-06,Payment Issue,True
30029,1002,2024-09-08,Other,True
30030,1972,2023-04-06,Product Issue,False
30031,1239,2023-03-06,Payment Issue,True
30032,1665,2023-11-25,Other,True
30033,1108,2023-10-23,Product Issue,True
30034,1965,2024-12-23,Delivery Delay,True
30035,1497,2023-06-17,Delivery Delay,False
30036,1508,2023-08-16,Delivery Delay,True
30037,1472,2024-09-01,Delivery Delay,False
30038,1802,2024-04-26,Payment Issue,True
30039,1786,2024-02-11,Delivery Delay,True
30040,1689,2024-03-24,Other,True
30041,1356,2024-02-24,Other,False
30042,1162,2023-02-25,Product Issue,True
30043,1853,2024-12-27,Delivery Delay,True
30044,1484,2023-12-15,Delivery Delay,True
30045,1266,2023-08-03,Other,True
30046,1984,2024-11-17,Other,True
30047,1665,2023-12-09,Payment Issue,True
30048,1777,2023-06-19,Product Issue,True
30049,1429,2023-12-13,Payment Issue,True
30050,1155,2024-09-06,Payment Issue,True
30051,1850,2024-12-31,Delivery Delay,False
30052,1146,2024-10-24,Other,True
30053,1675,2024-08-19,Product Issue,True
30054,1756,2023-11-23,Product Issue,True
30055,1873,2023-12-07,Payment Issue,False
30056,1119,2024-03-04,Payment Issue,True
30057,1273,2024-01-10,Product Issue,True
30058,1921,2024-12-24,Other,True
30059,1816,2024-01-11,Other,True
30060,1694,2023-02-01,Payment Issue,True
30061,1519,2024-11-09,Product Issue,True
30062,1260,2024-03-13,Other,False
30063,1071,2024-07-09,Product Issue,True
30064,1285,2023-03-05,Other,True
30065,1263,2024-12-10,Other,True
30066,1163,2024-08-16,Product Issue,True
30067,1073,2024-01-25,Payment Issue,True
30068,1666,2024-07-31,Payment Issue,True
30069,1754,2023-10-23,Product Issue,True
30070,1636,2024-09-27,Other,True
30071,1360,2023-06-19,Payment Issue,True
30072,1782,2023-07-24,Delivery Delay,True
30073,1339,2024-03-31,Delivery Delay,True
30074,1037,2024-08-24,Payment Issue,True
30075,1209,2023-07-09,Other,True
30076,1502,2024-04-02,Delivery Delay,True
30077,1875,2024-04-01,Payment Issue,True
30078,1294,2024-10-08,Delivery Delay,True
30079,1373,2023-01-01,Payment Issue,True
30080,1459,2023-04-07,Payment Issue,True
30081,1298,2023-02-12,Product Issue,True
30082,1368,2023-01-13,Payment Issue,True
30083,1081,2023-05-19,Payment Issue,True
30084,1674,2024-05-09,Other,True
30085,1562,2023-08-28,Product Issue,True
30086,1805,2024-04-21,Other,True
30087,1090,2024-05-10,Payment Issue,True
30088,1071,2023-09-08,Other,True
30089,1418,2023-04-21,Payment Issue,True
30090,1691,2024-07-03,Other,True
30091,1095,2023-08-05,Delivery Delay,True
30092,1008,2024-09-14,Delivery Delay,True
30093,1683,2023-04-14,Payment Issue,True
30094,1007,2024-11-15,Product Issue,True
30095,1583,2024-07-16,Product Issue,True
30096,1128,2024-06-10,Delivery Delay,False
30097,1024,2024-07-31,Other,True
30098,1838,2024-02-02,Payment Issue,True
30099,1927,2023-01-14,Delivery Delay,True
30100,1957,2024-01-15,Other,False
30101,1521,2023-06-01,Product Issue,True
30102,1879,2023-10-17,Product Issue,False
30103,1739,2023-04-18,Other,True
30104,1492,2024-11-02,Product Issue,True
30105,1469,2023-12-14,Delivery Delay,True
30106,1912,2023-02-15,Product Issue,True
30107,1892,2024-04-05,Payment Issue,True
30108,1906,2023-01-16,Product Issue,True
30109,1430,2024-08-19,Product Issue,True
30110,1183,2023-01-22,Product Issue,True
30111,1751,2023-08-03,Other,True
30112,1296,2024-04-04,Payment Issue,True
30113,1399,2023-06-18,Delivery Delay,True
30114,1152,2024-06-17,Product Issue,True
30115,1541,2023-03-30,Other,True
30116,1971,2023-08-27,Other,False
30117,1680,2023-02-14,Product Issue,False
30118,1750,2023-04-04,Other,True
30119,1444,2024-03-16,Other,True
30120,1048,2023-07-14,Other,True
30121,1857,2024-05-26,Other,True
30122,1473,2024-03-14,Other,True
30123,1331,2024-11-01,Delivery Delay,True
30124,1297,2023-08-16,Other,True
30125,1632,2024-05-20,Other,True
30126,1062,2024-03-13,Delivery Delay,True
30127,1350,2024-11-05,Payment Issue,True
30128,1537,2024-06-09,Other,False
30129,1421,2023-05-30,Other,True
30130,1634,2024-02-03,Delivery Delay,True
30131,1155,2024-12-27,Delivery Delay,True
30132,1453,2023-11-24,Payment Issue,False
30133,1512,2024-11-20,Delivery Delay,True
30134,1577,2024-06-19,Other,True
30135,1346,2024-03-01,Other,True
30136,1681,2023-02-09,Delivery Delay,True
30137,1519,2023-11-23,Other,True
30138,1945,2024-01-28,Other,True
30139,1777,2024-04-26,Product Issue,True
30140,1456,2023-05-08,Delivery Delay,True
30141,1307,2024-03-02,Other,True
30142,1522,2024-07-27,Other,True
30143,1515,2024-10-20,Product Issue,True
30144,1669,2023-08-12,Delivery Delay,True
30145,1507,2024-06-16,Delivery Delay,True
30146,1383,2024-04-18,Delivery Delay,True
30147,1036,2023-03-02,Product Issue,True
30148,1870,2023-10-17,Other,True
30149,1346,2023-04-18,Product Issue,True
30150,1400,2023-07-17,Product Issue,True
30151,1264,2024-02-21,Delivery Delay,True
30152,1622,2024-04-07,Product Issue,False
30153,1517,2023-03-28,Delivery Delay,True
30154,1732,2024-07-24,Other,True
30155,1964,2023-11-23,Other,False
30156,1748,2024-10-15,Payment Issue,True
30157,1560,2024-04-06,Product Issue,True
30158,1256,2023-02-22,Delivery Delay,False
30159,1758,2024-03-13,Other,True
30160,1785,2023-09-13,Delivery Delay,True
30161,1013,2024-08-18,Payment Issue,True
30162,1395,2023-12-20,Other,True
30163,1707,2023-10-27,Delivery Delay,True
30164,1071,2023-05-15,Other,True
30165,1325,2023-12-16,Payment Issue,True
30166,1955,2023-08-23,Other,True
30167,1467,2023-02-15,Product Issue,True
30168,1470,2024-08-24,Payment Issue,True
30169,1894,2024-12-09,Delivery Delay,True
30170,1246,2024-09-22,Product Issue,False
30171,1848,2024-08-28,Delivery Delay,False
30172,1832,2023-06-11,Delivery Delay,True
30173,1052,2023-10-29,Product Issue,True
30174,1678,2024-05-11,Delivery Delay,True
30175,1613,2024-06-14,Payment Issue,True
30176,1886,2024-05-05,Product Issue,True
30177,1048,2023-01-30,Other,False
30178,1589,2023-09-21,Product Issue,True
30179,1897,2023-03-27,Product Issue,True
30180,1911,2023-10-01,Product Issue,True
30181,1634,2023-03-29,Product Issue,True
30182,1047,2023-04-18,Payment Issue,True
30183,1428,2023-02-21,Product Issue,True
30184,1409,2024-01-01,Delivery Delay,True
30185,1522,2024-06-03,Payment Issue,True
30186,1566,2024-02-01,Delivery Delay,True
30187,1096,2023-06-12,Payment Issue,True
30188,1396,2024-08-21,Payment Issue,True
30189,1666,2023-07-13,Product Issue,True
30190,1957,2023-12-14,Payment Issue,True
30191,1523,2024-12-09,Other,True
30192,1996,2024-04-17,Other,True
30193,1702,2024-01-20,Delivery Delay,True
30194,1642,2023-06-28,Product Issue,True
30195,1771,2023-12-08,Payment Issue,False
30196,1270,2023-07-18,Product Issue,True
30197,1219,2024-07-19,Product Issue,True
30198,1558,2024-12-28,Other,True
30199,1845,2023-01-26,Delivery Delay,True
30200,1663,2023-12-17,Payment Issue,True
30201,1040,2024-04-19,Delivery Delay,True
30202,1965,2023-06-26,Other,True
30203,1714,2024-09-12,Other,True
30204,1220,2024-03-05,Payment Issue,True
30205,1399,2023-05-25,Payment Issue,True
30206,1332,2024-08-28,Product Issue,True
30207,1970,2024-03-19,Other,True
30208,1225,2024-04-13,Product Issue,True
30209,1593,2024-10-09,Delivery Delay,True
30210,1568,2023-07-08,Other,True
30211,1552,2023-03-02,Delivery Delay,True
30212,1430,2023-02-17,Payment Issue,True
30213,1941,2024-01-25,Product Issue,True
30214,1841,2024-06-08,Payment Issue,True
30215,1230,2024-02-17,Delivery Delay,True
30216,1189,2023-03-04,Payment Issue,True
30217,1931,2024-07-11,Other,True
30218,1157,2024-02-22,Product Issue,True
30219,1526,2023-12-06,Delivery Delay,True
30220,1243,2023-04-16,Product Issue,True
30221,1017,2023-11-26,Delivery Delay,True
30222,1924,2023-08-25,Other,True
30223,1313,2023-10-07,Delivery Delay,False
30224,1732,2024-01-22,Other,True
30225,1789,2023-01-28,Product Issue,True
30226,1310,2024-08-10,Product Issue,True
30227,1534,2024-02-04,Payment Issue,True
30228,1092,2024-11-12,Delivery Delay,True
30229,1939,2024-11-03,Other,True
30230,1581,2024-12-28,Product Issue,True
30231,1699,2023-09-14,Other,True
30232,1741,2024-01-16,Product Issue,True
30233,1107,2024-05-04,Payment Issue,True
30234,1628,2024-10-10,Other,True
30235,1639,2023-08-15,Other,False
30236,1343,2024-06-11,Delivery Delay,False
30237,1516,2023-07-20,Product Issue,True
30238,1342,2024-12-16,Other,True
30239,1289,2024-02-19,Payment Issue,True
30240,1651,2023-11-01,Payment Issue,False
30241,1458,2023-04-26,Delivery Delay,True
30242,1578,2024-05-07,Other,True
30243,1727,2024-11-15,Other,True
30244,1476,2023-04-10,Payment Issue,True
30245,1296,2023-06-29,Other,True
30246,1734,2023-10-12,Payment Issue,True
30247,1263,2023-04-29,Delivery Delay,True
30248,1129,2024-08-02,Payment Issue,True
30249,1604,2023-04-14,Product Issue,False
30250,1953,2023-07-20,Product Issue,False
30251,1036,2023-03-26,Payment Issue,True
30252,1719,2024-05-02,Payment Issue,True
30253,1827,2023-09-24,Payment Issue,True
30254,1040,2024-08-11,Payment Issue,False
30255,1455,2023-05-28,Delivery Delay,True
30256,1035,2023-03-15,Product Issue,True
30257,1205,2023-07-04,Product Issue,True
30258,1075,2023-08-03,Delivery Delay,True
30259,1886,2024-08-30,Other,False
30260,1602,2024-12-28,Delivery Delay,True
30261,1786,2024-03-03,Product Issue,True
30262,1562,2024-10-12,Delivery Delay,True
30263,1754,2023-08-07,Payment Issue,False
30264,1309,2023-11-11,Other,True
30265,1332,2024-12-27,Payment Issue,True
30266,1924,2023-08-25,Delivery Delay,True
30267,1888,2023-09-04,Other,True
30268,1834,2023-02-18,Other,True
30269,1263,2024-06-10,Other,False
30270,1188,2024-03-26,Other,True
30271,1695,2023-12-08,Other,True
30272,1121,2023-05-19,Product Issue,True
30273,1973,2024-08-09,Payment Issue,False
30274,1646,2024-06-03,Payment Issue,True
30275,1451,2023-02-06,Other,True
30276,1624,2024-10-29,Payment Issue,True
30277,1916,2024-06-15,Product Issue,True
30278,1556,2023-09-13,Payment Issue,True
30279,1651,2024-09-18,Payment Issue,True
30280,1734,2023-01-22,Product Issue,True
30281,1968,2024-07-23,Payment Issue,True
30282,1390,2024-09-15,Payment Issue,True
30283,1428,2024-12-15,Delivery Delay,True
30284,1930,2024-06-18,Payment Issue,True
30285,1935,2024-09-01,Other,True
30286,1906,2023-02-03,Other,False
30287,1740,2023-08-22,Product Issue,False
30288,1553,2023-06-27,Product Issue,False
30289,1001,2023-02-16,Other,True
30290,1801,2024-04-16,Other,True
30291,1949,2024-11-19,Other,True
30292,1354,2024-07-30,Delivery Delay,False
30293,1997,2024-03-11,Other,True
30294,1079,2024-05-21,Product Issue,True
30295,1690,2024-04-16,Delivery Delay,True
30296,1287,2023-01-25,Product Issue,False
30297,1243,2023-07-05,Delivery Delay,True
30298,1974,2023-08-02,Delivery Delay,True
30299,1713,2023-03-14,Product Issue,True
30300,1011,2023-02-23,Delivery Delay,True
30301,1012,2024-10-17,Delivery Delay,True
30302,1541,2023-07-10,Payment Issue,True
30303,1366,2024-07-08,Other,True
30304,1213,2024-09-08,Delivery Delay,True
30305,1966,2024-11-14,Delivery Delay,True
30306,1463,2023-01-16,Product Issue,True
30307,1300,2024-12-19,Product Issue,True
30308,1480,2024-06-02,Payment Issue,True
30309,1632,2023-06-04,Product Issue,True
30310,1470,2023-05-15,Other,False
30311,1104,2023-12-08,Payment Issue,True
30312,1992,2023-03-02,Other,True
30313,1581,2024-12-02,Other,True
30314,1173,2023-11-14,Delivery Delay,True
30315,1287,2023-09-26,Other,False
30316,1338,2023-11-11,Payment Issue,True
30317,1931,2023-07-30,Payment Issue,True
30318,1029,2023-01-17,Delivery Delay,True
30319,1642,2023-09-12,Product Issue,True
30320,1036,2024-06-11,Other,True
30321,1621,2024-03-16,Other,True
30322,1593,2023-07-16,Delivery Delay,False
30323,1353,2023-08-14,Product Issue,True
30324,1246,2023-01-19,Payment Issue,True
30325,1335,2024-08-27,Delivery Delay,True
30326,1259,2023-03-17,Payment Issue,False
30327,1579,2023-04-30,Delivery Delay,True
30328,1759,2024-05-19,Product Issue,True
30329,1938,2024-07-19,Other,True
30330,1262,2024-03-28,Other,False
30331,1623,2024-03-20,Delivery Delay,False
30332,1081,2023-01-23,Delivery Delay,False
30333,1810,2023-05-02,Product Issue,True
30334,1164,2023-08-28,Other,True
30335,1994,2023-04-17,Payment Issue,True
30336,1833,2024-08-03,Delivery Delay,False
30337,1045,2023-10-31,Other,True
30338,1580,2023-08-26,Payment Issue,True
30339,1642,2023-09-27,Product Issue,False
30340,1930,2024-06-27,Payment Issue,False
30341,1503,2024-01-03,Other,True
30342,1398,2023-04-10,Payment Issue,True
30343,1370,2023-07-03,Product Issue,True
30344,1758,2023-03-18,Other,False
30345,1247,2023-06-27,Delivery Delay,True
30346,1847,2023-07-09,Other,True
30347,1154,2023-09-22,Payment Issue,True
30348,1331,2023-06-27,Payment Issue,True
30349,1964,2023-04-15,Product Issue,True
30350,1052,2023-09-12,Delivery Delay,True
30351,1194,2024-12-17,Other,True
30352,1714,2023-04-30,Payment Issue,True
30353,1294,2024-02-18,Delivery Delay,True
30354,1645,2024-09-13,Payment Issue,True
30355,1763,2024-10-12,Delivery Delay,False
30356,1141,2024-11-24,Delivery Delay,True
30357,1495,2023-05-30,Other,True
30358,1470,2024-11-19,Other,True
30359,1233,2023-02-24,Payment Issue,True
30360,1771,2024-12-11,Product Issue,True
30361,1527,2024-08-07,Payment Issue,True
30362,1370,2024-07-12,Payment Issue,True
30363,1390,2024-08-23,Delivery Delay,True
30364,1538,2023-03-27,Delivery Delay,True
30365,1706,2023-06-01,Other,False
30366,1642,2023-02-13,Payment Issue,True
30367,1031,2024-10-08,Delivery Delay,True
30368,1431,2024-11-23,Product Issue,True
30369,1707,2024-02-11,Payment Issue,True
30370,1490,2023-07-12,Other,True
30371,1393,2023-02-06,Product Issue,True
30372,1640,2023-04-10,Delivery Delay,False
30373,1766,2024-08-03,Delivery Delay,True
30374,1401,2023-10-25,Product Issue,True
30375,1477,2023-08-01,Payment Issue,True
30376,1498,2023-09-28,Payment Issue,False
30377,1027,2023-07-13,Other,True
30378,1381,2024-04-13,Other,False
30379,1682,2023-04-24,Other,True
30380,1463,2023-01-18,Product Issue,False
30381,1533,2023-06-17,Product Issue,True
30382,1371,2023-01-18,Payment Issue,True
30383,1447,2024-10-19,Payment Issue,True
30384,1925,2023-07-26,Other,True
30385,1382,2023-09-11,Delivery Delay,True
30386,1424,2024-09-14,Delivery Delay,True
30387,1422,2024-05-23,Payment Issue,True
30388,1484,2024-04-04,Other,True
30389,1073,2024-12-05,Other,True
30390,1152,2024-05-04,Product Issue,True
30391,1906,2024-06-27,Payment Issue,True
30392,1891,2023-03-04,Delivery Delay,True
30393,1726,2024-01-29,Product Issue,True
30394,1405,2023-05-20,Product Issue,True
30395,1147,2024-12-27,Delivery Delay,True
30396,1516,2023-04-01,Delivery Delay,True
30397,1661,2024-08-31,Product Issue,False
30398,1976,2024-09-06,Product Issue,True
30399,1913,2024-06-14,Product Issue,False
30400,1334,2024-02-11,Delivery Delay,False
30401,1349,2023-01-11,Delivery Delay,True
30402,1715,2023-11-01,Product Issue,True
30403,1385,2024-01-16,Payment Issue,True
30404,1230,2023-07-22,Product Issue,True
30405,1386,2024-03-07,Product Issue,True
30406,1299,2023-10-07,Product Issue,True
30407,1333,2023-10-22,Other,True
30408,1035,2023-09-22,Other,True
30409,1420,2024-09-08,Delivery Delay,True
30410,1077,2024-05-27,Product Issue,True
30411,1406,2024-12-15,Other,True
30412,1436,2023-04-21,Product Issue,False
30413,1078,2023-01-23,Other,True
30414,1445,2024-06-04,Product Issue,True
30415,1326,2024-10-07,Other,True
30416,1760,2024-07-19,Delivery Delay,True
30417,1057,2024-05-08,Payment Issue,False
30418,1544,2024-02-03,Payment Issue,True
30419,1501,2024-01-22,Delivery Delay,False
30420,1568,2023-09-14,Delivery Delay,True
30421,1176,2024-10-14,Other,True
30422,1933,2023-08-13,Product Issue,True
30423,1331,2024-08-09,Product Issue,True
30424,1178,2023-11-14,Other,True
30425,1057,2023-07-27,Payment Issue,True
30426,1151,2023-05-11,Payment Issue,True
30427,1380,2023-01-16,Product Issue,True
30428,1589,2023-06-09,Delivery Delay,True
30429,1809,2024-04-18,Other,True
30430,1838,2024-02-16,Delivery Delay,True
30431,1755,2023-12-13,Delivery Delay,True
30432,1915,2024-12-21,Payment Issue,True
30433,1220,2023-06-25,Payment Issue,True
30434,1119,2024-03-07,Other,True
30435,1171,2023-09-25,Delivery Delay,True
30436,1309,2024-02-23,Other,True
30437,1942,2023-05-27,Product Issue,True
30438,1262,2024-10-18,Product Issue,True
30439,1260,2024-05-26,Other,False
30440,1739,2024-01-28,Delivery Delay,True
30441,1480,2024-11-16,Payment Issue,True
30442,1630,2024-06-28,Product Issue,False
30443,1691,2024-12-19,Delivery Delay,True
30444,1332,2023-06-06,Payment Issue,True
30445,1671,2023-07-14,Delivery Delay,True
30446,1484,2023-07-05,Payment Issue,True
30447,1100,2023-09-01,Other,True
30448,1794,2023-04-13,Payment Issue,False
30449,1689,2023-08-15,Other,True
30450,1961,2023-04-10,Product Issue,True
30451,1888,2024-08-29,Payment Issue,True
30452,1622,2023-11-29,Delivery Delay,True
30453,1204,2023-08-12,Payment Issue,False
30454,1933,2023-03-04,Product Issue,True
30455,1695,2023-07-29,Payment Issue,True
30456,1446,2023-08-24,Other,True
30457,1157,2024-01-01,Delivery Delay,True
30458,1557,2023-12-02,Delivery Delay,False
30459,1453,2024-08-21,Delivery Delay,True
30460,1322,2024-02-19,Other,True
30461,1562,2023-08-31,Payment Issue,True
30462,1733,2024-03-12,Payment Issue,True
30463,1314,2024-07-09,Product Issue,True
30464,1756,2024-02-17,Payment Issue,True
30465,1466,2024-07-14,Product Issue,False
30466,1314,2023-03-21,Other,True
30467,1049,2023-02-26,Delivery Delay,False
30468,1767,2024-09-19,Product Issue,True
30469,1847,2024-08-23,Payment Issue,True
30470,1195,2024-02-25,Delivery Delay,True
30471,1763,2024-11-18,Other,False
30472,1691,2023-12-05,Product Issue,False
30473,1940,2023-09-02,Other,True
30474,1904,2023-05-02,Delivery Delay,True
30475,1502,2024-09-30,Other,True
30476,1831,2023-04-06,Delivery Delay,True
30477,1647,2024-09-17,Product Issue,True
30478,1432,2024-09-04,Other,False
30479,1438,2024-11-29,Payment Issue,True
30480,1857,2024-09-06,Other,False
30481,1136,2023-05-23,Delivery Delay,True
30482,1248,2023-07-03,Other,True
30483,1267,2024-08-13,Other,True
30484,1091,2023-12-06,Product Issue,True
30485,1708,2024-07-25,Delivery Delay,True
30486,1880,2023-10-02,Other,False
30487,1236,2024-03-12,Payment Issue,True
30488,1975,2024-10-30,Product Issue,True
30489,1373,2024-12-02,Product Issue,True
30490,1274,2024-09-21,Payment Issue,True
30491,1598,2024-10-28,Product Issue,True
30492,1519,2023-04-20,Delivery Delay,True
30493,1613,2023-10-19,Payment Issue,True
30494,1017,2024-12-09,Payment Issue,True
30495,1537,2024-02-08,Payment Issue,True
30496,1042,2024-07-13,Delivery Delay,True
30497,1409,2024-03-30,Product Issue,True
30498,1488,2023-12-20,Other,True
30499,1974,2024-11-28,Product Issue,True
